"Profile Name","Country","Utc Title Add Date","Title Name"
"Arnav","India","2026-04-13","Tu Yaa Main"
"Arnav","India","2026-04-06","Spec～birth"
"Arnav","India","2026-04-03","KARTAVYA"
"Arnav","India","2026-04-03","Sins of Kujo"
"Arnav","India","2026-04-03","Alice in Borderland"
"Arnav","India","2026-04-03","Dalah: Death and the Flowers"
"Arnav","India","2026-04-03","The Roast of Kevin Hart"
"Arnav","India","2026-04-03","Detective Hole"
"Arnav","India","2026-03-31","Something Very Bad Is Going to Happen"
"Arnav","India","2026-03-28","Legal High"
"Arnav","India","2026-03-28","Military Prosecutor Doberman"
"Arnav","India","2026-03-28","Chernobyl 1986"
"Arnav","India","2026-03-27","Radioactive Emergency"
"Arnav","India","2026-03-22","The Red Line"
"Arnav","India","2026-03-22","Bloodhounds"
"Arnav","India","2026-03-22","Million-Follower Detective"
"Arnav","India","2026-03-22","Kyojo"
"Arnav","India","2026-03-22","Maamla Legal Hai"
"Arnav","India","2026-03-22","Agent from Above"
"Arnav","India","2026-03-21","Sound of Silence"
"Arnav","India","2026-03-07","Gladiator II"
"Arnav","India","2026-03-05","Phantom Lawyer"
"Arnav","India","2026-03-01","fumochitai"
"Arnav","India","2026-03-01","Re/Member"
"Arnav","India","2026-03-01","Re/Member: The Last Night"
"Arnav","India","2026-02-18","1992"
"Arnav","India","2026-02-15","The Art of Sarah"
"Arnav","India","2026-02-14","Devil's Diner"
"Arnav","India","2026-02-09","El Conde"
"Arnav","India","2026-02-09","Painkiller"
"Arnav","India","2026-02-09","Smile 2"
"Arnav","India","2026-02-09","Scent of a Woman"
"Arnav","India","2026-02-09","The Night Agent"
"Arnav","India","2026-02-09","Vladimir"
"Arnav","India","2026-02-09","FUBAR"
"Arnav","India","2026-02-09","AARO -All-domain Anomaly Resolution Office-"
"Arnav","India","2026-01-30","96 Minutes"
"Arnav","India","2026-01-30","UNTAMED"
"Arnav","India","2026-01-28","Nothing Uncovered"
"Arnav","India","2026-01-26","Misty"
"Arnav","India","2026-01-22","Master of the House"
"Arnav","India","2026-01-20","Organ Child"
"Arnav","India","2026-01-20","Aema"
"Arnav","India","2026-01-20","Agatha Christie's Seven Dials"
"Arnav","India","2026-01-18","Million-Follower Detective"
"Arnav","India","2026-01-18","Undercover Miss Hong"
"Arnav","India","2026-01-18","Genie, Make a Wish"
"Arnav","India","2026-01-13","Time to Hunt"
"Arnav","India","2026-01-04","Detective Byomkesh Bakshy!"
"Arnav","India","2026-01-04","As You Stood By"
"Arnav","India","2026-01-04","The Big Fake"
"Arnav","India","2026-01-04","HIS & HERS"
"Arnav","India","2026-01-04","Silent Truth"
"Arnav","India","2026-01-04","Taskaree: The Smuggler's Web"
"Arnav","India","2026-01-04","The Resurrected"
"Arnav","India","2026-01-04","Delhi Crime"
"Arnav","India","2026-01-04","Uprising"
"Arnav","India","2025-12-28","Queenmaker"
"Arnav","India","2025-12-26","Peaky Blinders: The Immortal Man"
"Arnav","India","2025-12-20","Kino's Journey"
"Arnav","India","2025-12-16","Castlevania"
"Arnav","India","2025-12-16","The Great Flood"
"Arnav","India","2025-11-28","Raat Akeli Hai - The Bansal Murders"
"Arnav","India","2025-11-28","Matt Rife: Unwrapped - A Christmas Crowd Work Special"
"Arnav","India","2025-11-28","Delightfully Deceitful"
"Arnav","India","2025-11-28","Pro Bono"
"Arnav","India","2025-11-28","Cashero"
"Arnav","India","2025-11-22","Kevin Hart: Acting My Age"
"Arnav","India","2025-11-09","The Woman in Cabin 10"
"Arnav","India","2025-11-09","Had I Not Seen the Sun"
"Arnav","India","2025-11-09","Helios"
"Arnav","India","2025-11-09","STEPHEN"
"Arnav","India","2025-11-09","The Price of Confession"
"Arnav","India","2025-11-09","The Soul"
"Arnav","India","2025-11-09","Queen Mantis"
"Arnav","India","2025-11-09","How to Win the Lottery"
"Arnav","India","2025-11-09","Dalah: Death and the Flowers"
"Arnav","India","2025-11-07","Baramulla"
"Arnav","India","2025-10-30","In the Shadow of the Moon"
"Arnav","India","2025-10-29","A HOUSE OF DYNAMITE"
"Arnav","India","2025-10-29","Good News"
"Arnav","India","2025-10-27","Glitch"
"Arnav","India","2025-10-27","Dark"
"Arnav","India","2025-10-25","The Dream Life of Mr. Kim"
"Arnav","India","2025-10-22","Ichikei’s Crow – The Criminal Court Judges"
"Arnav","India","2025-10-17","Guru"
"Arnav","India","2025-10-13","Typhoon Family"
"Arnav","India","2025-09-20","Velvet Buzzsaw"
"Arnav","India","2025-09-17","99.9 Criminal Lawyer"
"Arnav","India","2025-09-11","Mobius"
"Arnav","India","2025-09-08","Maareesan"
"Arnav","India","2025-09-05","Robbing Mussolini"
"Arnav","India","2025-09-04","Designated Survivor"
"Arnav","India","2025-09-04","House of Guinness"
"Arnav","India","2025-09-04","28 Years Later"
"Arnav","India","2025-09-04","Mantis"
"Arnav","India","2025-09-01","Private Banker"
"Arnav","India","2025-09-01","The Winning Try"
"Arnav","India","2025-09-01","Bitch and Rich"
"Arnav","India","2025-08-28","The Sum of All Fears"
"Arnav","India","2025-08-28","Hasmukh"
"Arnav","India","2025-08-28","Contraband"
"Arnav","India","2025-08-26","Inspector Zende"
"Arnav","India","2025-08-03","Beyond the Bar"
"Arnav","India","2025-08-02","The Stone"
"Arnav","India","2025-07-29","Kaiji"
"Arnav","India","2025-07-27","Mandala Murders"
"Arnav","India","2025-07-20","Wall to Wall"
"Arnav","India","2025-06-26","Rugal"
"Arnav","India","2025-06-13","Brick"
"Arnav","India","2025-06-03","Heavenly Ever After"
"Arnav","India","2025-06-03","Weak Hero"
"Arnav","India","2025-05-29","Dalah: Death and the Flowers"
"Arnav","India","2025-05-29","Dept. Q"
"Arnav","India","2025-05-19","Berserk"
"Arnav","India","2025-05-15","The Royals"
"Arnav","India","2025-05-15","The Eternaut"
"Arnav","India","2025-05-15","6 Days"
"Arnav","India","2025-05-15","Scarecrow"
"Arnav","India","2025-05-10","Mercy For None"
"Arnav","India","2025-05-10","Franklin"
"Arnav","India","2025-05-10","Oh My Ghost Clients"
"Arnav","India","2025-05-06","Miraculous Brothers"
"Arnav","India","2025-05-05","The Match"
"Arnav","India","2025-05-04","News Anchor"
"Arnav","India","2025-05-03","Dear Hongrang"
"Arnav","India","2025-05-03","Mad Unicorn"
"Arnav","India","2025-04-29","The Truman Show"
"Arnav","India","2025-04-28","Mr. Plankton"
"Arnav","India","2025-04-28","When the Phone Rings"
"Arnav","India","2025-04-27","Billionaires' Bunker"
"Arnav","India","2025-04-25","Onimusha"
"Arnav","India","2025-04-21","Uprising"
"Arnav","India","2025-04-20","News Anchor"
"Arnav","India","2025-04-13","Django Unchained"
"Arnav","India","2025-04-12","Light of My Lion"
"Arnav","India","2025-04-09","The Post-Truth World"
"Arnav","India","2025-04-07","Jewel Thief - The Heist Begins"
"Arnav","India","2025-04-07","Kaminey"
"Arnav","India","2025-04-07","Bullet Train Explosion"
"Arnav","India","2025-04-07","Signal"
"Arnav","India","2025-04-07","Officer on Duty"
"Arnav","India","2025-04-07","Adolescence"
"Arnav","India","2025-04-07","The Recruit"
"Arnav","India","2025-04-07","Hometown"
"Arnav","India","2025-04-07","Dragon"
"Arnav","India","2025-04-07","Merry Christmas (Hindi)"
"Arnav","India","2025-04-03","Connection"
"Arnav","India","2025-04-03","What's Wrong with Secretary Kim"
"Arnav","India","2025-04-03","HOMUNCULUS"
"Arnav","India","2025-03-27","Deva"
"Arnav","India","2025-03-27","Girl from Nowhere"
"Arnav","India","2025-03-22","The Serpent"
"Arnav","India","2025-03-21","Karma"
"Arnav","India","2025-03-11","Khakee: The Bihar Chapter"
"Arnav","India","2025-03-11","Khakee: The Bengal Chapter"
"Arnav","India","2025-03-11","Revelations"
"Arnav","India","2025-03-09","Andrew Schulz: LIFE"
"Arnav","India","2025-03-06","In Youth We Trust"
"Arnav","India","2025-03-03","Oppenheimer"
"Arnav","India","2025-03-03","Rikuoh"
"Arnav","India","2025-02-28","Private Banker"
"Arnav","India","2025-02-24","The Trauma Code: Heroes on Call"
"Arnav","India","2025-02-24","Golden Kamuy"
"Arnav","India","2025-02-24","Demon City"
"Arnav","India","2025-02-06","Vir Das: Fool Volume"
"Arnav","India","2025-01-27","Who Saw the Peacock Dance in the Jungle?"
"Arnav","India","2025-01-27","Inglourious Basterds"
"Arnav","India","2025-01-24","Cracow Monsters"
"Arnav","India","2025-01-24","The Abandoned"
"Arnav","India","2025-01-24","JU-ON: Origins"
"Arnav","India","2025-01-24","Kromoleo"
"Arnav","India","2025-01-24","The 8th Night"
"Arnav","India","2025-01-24","Monster"
"Arnav","India","2025-01-23","Frankly Speaking"
"Arnav","India","2025-01-09","Asura"
"Arnav","India","2025-01-09","Doubt"
"Arnav","India","2025-01-04","The Killer"
"Arnav","India","2025-01-02","Pantheon"
"Arnav","India","2024-12-30","Bandidos"
"Arnav","India","2024-12-30","The Night Agent"
"Arnav","India","2024-12-30","Zero Day"
"Arnav","India","2024-12-30","Café Minamdang"
"Arnav","India","2024-12-25","Kingsman: The Golden Circle"
"Arnav","India","2024-12-25","Kingsman: The Secret Service"
"Arnav","India","2024-12-23","The Madness"
"Arnav","India","2024-12-19","The Confidence Man JP"
"Arnav","India","2024-12-18","Carry-On"
"Arnav","India","2024-12-18","UZUMAKI: Animated TV Series"
"Arnav","India","2024-12-18","The Six Triple Eight"
"Arnav","India","2024-12-18","Tomorrow and I"
"Arnav","India","2024-12-10","The Victims' Game"
"Arnav","India","2024-12-10","1992"
"Arnav","India","2024-12-10","How To Make Millions Before Grandma Dies"
"Arnav","India","2024-12-10","Jamie Foxx: What Had Happened Was..."
"Arnav","India","2024-12-10","Doubt"
"Arnav","India","2024-12-10","The Trunk"
"Arnav","India","2024-12-10","The Auditors"
"Arnav","India","2024-12-10","The Madness"
"Arnav","India","2024-12-02","Sikandar Ka Muqaddar"
"Arnav","India","2024-11-28","Lucky Baskhar"
"Arnav","India","2024-11-24","The Piano Lesson"
"Arnav","India","2024-11-15","Jake Paul vs. Mike Tyson"
"Arnav","India","2024-11-10","Fractured"
"Arnav","India","2024-11-10","TÁR"
"Arnav","India","2024-11-10","IT'S WHAT'S INSIDE"
"Arnav","India","2024-11-10","Pulp Fiction"
"Arnav","India","2024-11-10","Scoop"
"Arnav","India","2024-11-10","Jerry Maguire"
"Arnav","India","2024-11-10","White Boy Rick"
"Arnav","India","2024-11-03","A Place Called Silence"
"Arnav","India","2024-10-22","Bank Under Siege"
"Arnav","India","2024-10-22","Don’t Come Home"
"Arnav","India","2024-10-21","Godless"
"Arnav","India","2024-10-13","Doubt"
"Arnav","India","2024-09-27","The Irregulars"
"Arnav","India","2024-09-27","Seven Orifices"
"Arnav","India","2024-09-27","Red Rose"
"Arnav","India","2024-09-23","Don't Breathe 2"
"Arnav","India","2024-09-23","Trolley"
"Arnav","India","2024-09-23","Born for the Spotlight"
"Arnav","India","2024-09-23","The Intern"
"Arnav","India","2024-09-23","Dave Chappelle: What’s in a Name?"
"Arnav","India","2024-09-23","Kevin Hart: The Kennedy Center Mark Twain Prize for American Humor"
"Arnav","India","2024-09-23","Choked: Paisa Bolta Hai"
"Arnav","India","2024-09-09","Roman Empire"
"Arnav","India","2024-09-09","Age of Samurai: Battle for Japan"
"Arnav","India","2024-09-09","Brigands: The Quest for Gold"
"Arnav","India","2024-08-22","Kalki 2898 AD (Hindi)"
"Arnav","India","2024-08-21","The Frog"
"Arnav","India","2024-08-18","Inside Man"
"Arnav","India","2024-08-18","KENGAN ASHURA"
"Arnav","India","2024-08-16","Tokyo Swindlers"
"Arnav","India","2024-08-16","Tribhuvan Mishra CA Topper"
"Arnav","India","2024-08-15","Amar Singh Chamkila"
"Arnav","India","2024-08-09","Indian 2"
"Arnav","India","2024-08-07","Dampyr"
"Arnav","India","2024-08-04","Fool Me Once"
"Arnav","India","2024-08-01","Tarot"
"Arnav","India","2024-08-01","Kuyang"
"Arnav","India","2024-08-01","Matt Rife: Lucid - A Crowd Work Special"
"Arnav","India","2024-07-29","YOLO"
"Arnav","India","2024-07-23","Eve"
"Arnav","India","2024-07-18","Black Forceps"
"Arnav","India","2024-07-09","Cobra Kai"
"Arnav","India","2024-07-09","Sweet Home"
"Arnav","India","2024-07-05","Bodyguard"
"Arnav","India","2024-07-04","Reply 1988"
"Arnav","India","2024-07-01","Salvation"
"Arnav","India","2024-07-01","Bodyguard"
"Arnav","India","2024-07-01","Midnight Mass"
"Arnav","India","2024-07-01","Designated Survivor"
"Arnav","India","2024-06-28","Kho Gaye Hum Kahan"
"Arnav","India","2024-06-26","The Ritual"
"Arnav","India","2024-06-24","Junji Ito Maniac: Japanese Tales of the Macabre"
"Arnav","India","2024-06-21","Brain Works"
"Arnav","India","2024-06-21","The Corpse Washer"
"Arnav","India","2024-06-17","The Whirlwind"
"Arnav","India","2024-06-16","Blame the Game"
"Arnav","India","2024-06-16","Wild Wild Punjab"
"Arnav","India","2024-06-16","Joko Anwar's Nightmares and Daydreams"
"Arnav","India","2024-06-07","The Midnight Gospel"
"Arnav","India","2024-06-07","300"
"Arnav","India","2024-06-07","300: Rise of an Empire"
"Arnav","India","2024-06-04","Men in Black 3"
"Arnav","India","2024-06-04","Men in Black"
"Arnav","India","2024-05-31","Missing: The Other Side"
"Arnav","India","2024-05-31","Crew"
"Arnav","India","2024-05-30","Lumberjack the Monster"
"Arnav","India","2024-05-22","Hierarchy"
"Arnav","India","2024-05-22","Bionic"
"Arnav","India","2024-05-21","Kohrra"
"Arnav","India","2024-05-19","CAT"
"Arnav","India","2024-05-19","Paan Singh Tomar"
"Arnav","India","2024-05-19","A Wednesday"
"Arnav","India","2024-05-19","Ray"
"Arnav","India","2024-05-19","Naam Shabana"
"Arnav","India","2024-05-19","Thar"
"Arnav","India","2024-05-19","Bbuddah Hoga Terra Baap"
"Arnav","India","2024-05-19","Shastry Virudh Shastry"
"Arnav","India","2024-05-19","Gumraah"
"Arnav","India","2024-05-19","Yeh Kaali Kaali Ankhein"
"Arnav","India","2024-05-19","How to Rob a Bank"
"Arnav","India","2024-05-19","Raat Akeli Hai"
"Arnav","India","2024-05-18","The Discovery"
"Arnav","India","2024-05-17","Forgotten"
"Arnav","India","2024-05-17","The Call"
"Arnav","India","2024-05-16","Blood"
"Arnav","India","2024-05-14","Jaane Jaan"
"Arnav","India","2024-05-14","Into the Night"
"Arnav","India","2024-05-13","The Mist"
"Arnav","India","2024-05-06","Colors of Evil: Red"
"Arnav","India","2024-05-06","Antihero"
"Arnav","India","2024-05-06","4 Kings 2"
"Arnav","India","2024-05-05","Goedam"
"Arnav","India","2024-05-04","Shaitaan"
"Arnav","India","2024-05-04","Anthracite"
"Arnav","India","2024-05-02","Paradise"
"Arnav","India","2024-05-02","Illusions for Sale: The Rise and Fall of Generation Zoe"
"Arnav","India","2024-05-02","Time Trap"
"Arnav","India","2024-05-01","The 8 Show"
"Arnav","India","2024-04-22","Hit Man"
"Arnav","India","2024-04-18","A Man in Full"
"Arnav","India","2024-04-13","The 8th Night"
"Arnav","India","2024-04-12","Medici"
"Arnav","India","2024-04-11","Unnatural"
"Arnav","India","2024-04-11","Fiasco"
"Arnav","India","2024-04-11","Cathedral of the Sea"
"Arnav","India","2024-04-11","My Country: The New Age"
"Arnav","India","2024-04-09","City Hunter"
"Arnav","India","2024-04-09","Jimmy Carr: Natural Born Killer"
"Arnav","India","2024-04-02","As the Crow Flies"
"Arnav","India","2024-04-02","Bodkin"
"Arnav","India","2024-03-30","Red Eye"
"Arnav","India","2024-03-30","Judge Dee's Mystery"
"Arnav","India","2024-03-24","Parasyte: The Grey"
"Arnav","India","2024-03-21","The Believers"
"Arnav","India","2024-03-15","Eli"
"Arnav","India","2024-03-06","The Pig, the Snake and the Pigeon"
"Arnav","India","2024-03-06","The Ghazi Attack"
"Arnav","India","2024-03-06","Kingdom"
"Arnav","India","2024-03-06","Marco Polo"
"Arnav","India","2024-03-06","Mine"
"Arnav","India","2024-03-06","Innocence, Fight Against False Charges"
"Arnav","India","2024-03-05","RIPLEY"
"Arnav","India","2024-02-25","Incantation"
"Arnav","India","2024-02-24","Supersex"
"Arnav","India","2024-02-22","The Gentlemen"
"Arnav","India","2024-02-20","Maamla Legal Hai"
"Arnav","India","2024-02-20","Murder Mubarak"
"Arnav","India","2024-02-20","Damsel"
"Arnav","India","2024-02-17","The Gentlemen"
"Arnav","India","2024-02-11","Bandidos"
"Arnav","India","2024-02-06","A Killer Paradox"
"Arnav","India","2024-02-03","House of Ninjas"
"Arnav","India","2024-01-31","A Killer Paradox"
"Arnav","India","2024-01-28","Artificial City"
"Arnav","India","2024-01-28","Mea Culpa"
"Arnav","India","2024-01-20","The Bequeathed"
"Arnav","India","2024-01-16","The Last Czars"
"Arnav","India","2024-01-16","Troy: Fall of a City"
"Arnav","India","2024-01-16","Roman Empire"
"Arnav","India","2024-01-16","Queen Cleopatra"
"Arnav","India","2024-01-16","Outlaw King"
"Arnav","India","2024-01-10","3 Body Problem"
"Arnav","India","2024-01-04","Itaewon Class"
"Arnav","India","2024-01-04","Anone"
"Arnav","India","2024-01-04","Alexander: The Making of a God"
"Arnav","India","2024-01-04","Move to Heaven"
"Arnav","India","2024-01-04","From the Ashes"
"Arnav","India","2024-01-01","SKY Castle"
"Arnav","India","2024-01-01","Aadikeshava"
"Arnav","India","2023-12-30","Dangerous Game: The Legacy Murders"
"Arnav","India","2023-12-28","Vivant"
"Arnav","India","2023-12-18","Curry & Cyanide - The Jolly Joseph Case"
"Arnav","India","2023-12-18","The Brothers Sun"
"Arnav","India","2023-12-18","Single’s Inferno"
"Arnav","India","2023-12-18","Extracurricular"
"Arnav","India","2023-12-18","Top Gun: Maverick"
"Arnav","India","2023-12-07","Believer 2"
"Arnav","India","2023-12-07","Believer"
"Arnav","India","2023-12-02","The Equalizer 3"
"Arnav","India","2023-12-01","Berlin and the Jewels of Paris"
"Arnav","India","2023-12-01","As the Crow Flies"
"Arnav","India","2023-12-01","How to Become a Mob Boss"
"Arnav","India","2023-11-29","Bad Surgeon: Love Under the Knife"
"Arnav","India","2023-11-28","Gyeongseong Creature"
"Arnav","India","2023-11-28","Dream"
"Arnav","India","2023-11-25","Leo (Hindi)"
"Arnav","India","2023-11-20","Yu Yu Hakusho"
"Arnav","India","2023-11-03","Hasan Minhaj: The King's Jester"
"Arnav","India","2023-11-03","The Black Phone"
"Arnav","India","2023-10-28","Burn the House Down"
"Arnav","India","2023-10-27","Cyberbunker: The Criminal Underworld"
"Arnav","India","2023-10-27","Matt Rife: Natural Selection"
"Arnav","India","2023-10-23","Criminal Code"
"Arnav","India","2023-10-22","Crypto Boy"
"Arnav","India","2023-10-22","Happiness"
"Arnav","India","2023-10-19","Blade of the Immortal"
"Arnav","India","2023-10-19","Creature"
"Arnav","India","2023-10-19","Bodies"
"Arnav","India","2023-10-18","Arthdal Chronicles"
"Arnav","India","2023-10-18","Trillion Game"
"Arnav","India","2023-10-16","Heart of Stone"
"Arnav","India","2023-10-10","Happiness"
"Arnav","India","2023-10-10","Dogs of Berlin"
"Arnav","India","2023-10-03","Sleeping Dog"
"Arnav","India","2023-10-02","Obliterated"
"Arnav","India","2023-10-02","Lupin"
"Arnav","India","2023-09-30","Who Am I"
"Arnav","India","2023-09-30","Witch at Court"
"Arnav","India","2023-09-30","Shaft"
"Arnav","India","2023-09-30","Alice in Borderland"
"Arnav","India","2023-09-30","Kill Boksoon"
"Arnav","India","2023-09-30","The Trial of the Chicago 7"
"Arnav","India","2023-09-30","Kakegurui"
"Arnav","India","2023-09-30","Jana Gana Mana"
"Arnav","India","2023-09-30","Seventh Son"
"Arnav","India","2023-09-30","Maniac"
"Arnav","India","2023-09-30","You"
"Arnav","India","2023-09-29","Halston"
"Arnav","India","2023-09-25","Partner Track"
"Arnav","India","2023-09-24","The Devil's Plan"
"Arnav","India","2023-09-24","Kaala Paani"
"Arnav","India","2023-09-18","The Outfit"
"Arnav","India","2023-09-16","Pain Hustlers"
"Arnav","India","2023-09-16","Reptile"
"Arnav","India","2023-09-16","The Wonderful Story of Henry Sugar"
"Arnav","India","2023-09-16","Celebrity"
"Arnav","India","2023-09-16","The Innocent"
"Arnav","India","2023-09-16","The Chestnut Man"
"Arnav","India","2023-09-12","Yakamoz S-245"
"Arnav","India","2023-09-08","Bro (Hindi)"
"Arnav","India","2023-09-08","Mask Girl"
"Arnav","India","2023-09-08","Choona"
"Arnav","India","2023-09-08","Ballerina"
"Arnav","India","2023-09-03","3%"
"Arnav","India","2023-09-03","Circle"
"Arnav","India","2023-09-03","Blumhouse's Truth or Dare: Extended Director's Cut"
"Arnav","India","2023-09-02","Escape Plan"
"Arnav","India","2023-08-30","Song of the Bandits"
"Arnav","India","2023-08-30","ONE PIECE"
"Arnav","India","2023-08-29","Private Lives"
"Arnav","India","2023-08-28","SCAMS"
"Arnav","India","2023-08-20","How to Get Away With Murder"
"Arnav","India","2023-08-18","Life"
"Arnav","India","2023-08-18","Possessed"
"Arnav","India","2023-08-07","The Order"
"Arnav","India","2023-08-04","Guns & Gulaabs"
"Arnav","India","2023-08-01","Designated Survivor: 60 Days"
"Arnav","India","2023-08-01","MINDHUNTER"
"Arnav","India","2023-07-29","Unknown: Cave of Bones"
"Arnav","India","2023-07-29","Unknown: The Lost Pyramid"
"Arnav","India","2023-07-29","Unknown: Cosmic Time Machine"
"Arnav","India","2023-07-28","Hidden Strike"
"Arnav","India","2023-07-28","Bird Box"
"Arnav","India","2023-07-28","Bird Box Barcelona"
"Arnav","India","2023-07-20","Zombieverse"
"Arnav","India","2023-07-20","Choona"
"Arnav","India","2023-07-20","Heart of Stone"
"Arnav","India","2023-06-25","The Fiery Priest"
"Arnav","India","2023-06-20","There Will Be Blood"
"Arnav","India","2023-05-31","Svaha: The Sixth Finger"
"Arnav","India","2023-05-31","Rugal"
"Arnav","India","2023-05-31","Agency"
"Arnav","India","2023-05-29","The Great Wall"
"Arnav","India","2023-05-21","The Night Agent"
"Arnav","India","2023-05-19","Black Knight"
"Arnav","India","2023-05-19","Agency"
"Arnav","India","2023-05-19","Never Have I Ever"
"Arnav","India","2023-05-19","Blood & Gold"
"Arnav","India","2023-05-19","Bloodhounds"
"Arnav","India","2023-05-19","McGREGOR FOREVER"
"Arnav","India","2023-05-05","Tu Jhoothi Main Makkaar"
"Arnav","India","2023-04-22","Blood Money"
"Arnav","India","2023-04-22","Talvar"
"Arnav","India","2023-04-22","Bypass Road"
"Arnav","India","2023-04-22","Inferno"
"Arnav","India","2023-04-22","The Substitute"
"Arnav","India","2023-04-22","The Pale Blue Eye"
"Arnav","India","2023-04-22","Angels & Demons"
"Arnav","India","2023-04-22","Bareilly Ki Barfi"
"Arnav","India","2023-04-22","Looop Lapeta"
"Arnav","India","2023-04-22","Ad Astra"
"Arnav","India","2023-04-18","How to Get Rich"
"Arnav","India","2023-04-17","Tooth Pari: When Love Bites"
"Arnav","India","2023-04-16","Kill Boksoon"
"Arnav","India","2023-04-10","Ocean's Thirteen"
"Arnav","India","2023-04-10","Inception"
"Arnav","India","2023-04-10","Bullet Train"
"Arnav","India","2023-04-09","Invisible"
"Arnav","India","2023-03-28","The Kingdom"
"Arnav","India","2023-03-23","Kuttey"
"Arnav","India","2023-03-18","Chor Nikal Ke Bhaga"
"Arnav","India","2023-03-14","Copycat Killer"
"Arnav","India","2023-03-09","Chris Rock: Selective Outrage"
"Arnav","India","2023-03-05","Rana Naidu"
"Arnav","India","2023-03-03","Sky High: The Series"
"Arnav","India","2023-02-25","Luther: The Fallen Sun"
"Arnav","India","2023-02-24","The Glory"
"Arnav","India","2023-02-17","Heatwave"
"Arnav","India","2023-01-28","Code Name: Emperor"
"Arnav","India","2023-01-23","Alkhallat+"
"Arnav","India","2023-01-23","Shahmaran"
"Arnav","India","2023-01-09","Diary of a Prosecutor"
"Arnav","India","2023-01-08","The Glory"
"Arnav","India","2022-12-31","It's Okay to Not Be Okay"
"Arnav","India","2022-12-29","Kaleidoscope"
"Arnav","India","2022-12-25","Vir Das: Landing"
"Arnav","India","2022-12-19","HELL DOGS - IN THE HOUSE OF BAMBOO -"
"Arnav","India","2022-12-18","BARDO, False Chronicle of a Handful of Truths"
"Arnav","India","2022-12-15","Wednesday"
"Arnav","India","2022-12-15","Knives Out"
"Arnav","India","2022-12-14","Alice in Borderland"
"Arnav","India","2022-12-11","The Suicide Squad"
"Arnav","India","2022-12-11","Alice in Borderland"
"Arnav","India","2022-12-11","Glass Onion: A Knives Out Mystery"
"Arnav","India","2022-12-09","MADOFF: The Monster of Wall Street"
"Arnav","India","2022-12-09","Eat the Rich: The GameStop Saga"
"Arnav","India","2022-12-08","A Man of Action"
"Arnav","India","2022-12-08","The Guilty"
"Arnav","India","2022-12-08","The Godfather: Part II"
"Arnav","India","2022-12-08","The Godfather"
"Arnav","India","2022-12-04","Barbarians"
"Arnav","India","2022-12-03","The Whole Truth"
"Arnav","India","2022-11-26","The Recruit"
"Arnav","India","2022-11-26","Hache"
"Arnav","India","2022-11-21","1983"
"Arnav","India","2022-11-21","The Good Detective"
"Arnav","India","2022-11-13","The Devil's Own"
"Arnav","India","2022-11-13","Inglourious Basterds"
"Arnav","India","2022-11-13","Donnie Brasco"
"Arnav","India","2022-11-13","Uncut Gems"
"Arnav","India","2022-11-13","American Gangster"
"Arnav","India","2022-11-08","Through the Darkness"
"Arnav","India","2022-11-06","The Wrath of God"
"Arnav","India","2022-10-28","Half Bad: The Bastard Son & The Devil Himself"
"Arnav","India","2022-10-28","Usogui"
"Arnav","India","2022-10-28","Monica, O My Darling"
"Arnav","India","2022-10-25","You"
"Arnav","India","2022-10-25","Hustle"
"Arnav","India","2022-10-25","The Green Glove Gang"
"Arnav","India","2022-10-25","1899"
"Arnav","India","2022-10-25","Robbing Mussolini"
"Arnav","India","2022-10-25","Half Bad: The Bastard Son & The Devil Himself"
"Arnav","India","2022-10-18","Brian Banks"
"Arnav","India","2022-10-18","Bad Guys"
"Arnav","India","2022-10-18","The Platform"
"Arnav","India","2022-10-18","Rising High"
"Arnav","India","2022-10-18","The Judge"
"Arnav","India","2022-09-20","Dirty Money"
"Arnav","India","2022-09-20","Seoul Vibe"
"Arnav","India","2022-09-20","Little Women"
"Arnav","India","2022-09-20","Mismatched"
"Arnav","India","2022-09-17","Focus"
"Arnav","India","2022-09-14","The Perfumier"
"Arnav","India","2022-09-05","The Good Detective"
"Arnav","India","2022-08-31","The Journalist"
"Arnav","India","2022-08-30","Cobra Kai"
"Arnav","India","2022-08-30","Snabba Cash"
"Arnav","India","2022-08-26","1983"
"Arnav","India","2022-08-22","The Irishman"
"Arnav","India","2022-08-22","The Laundromat"
"Arnav","India","2022-08-21","The Victims' Game"
"Arnav","India","2022-08-20","The Minions of Midas"
"Arnav","India","2022-08-20","Hache"
"Arnav","India","2022-08-08","Archive 81"
"Arnav","India","2022-08-08","Hot Stove League"
"Arnav","India","2022-08-06","Hyena"
"Arnav","India","2022-08-05","Never Give Up"
"Arnav","India","2022-08-05","King of Stonks"
"Arnav","India","2022-08-05","The Minimalists: Less Is Now"
"Arnav","India","2022-08-04","Never Have I Ever"
"Arnav","India","2022-08-04","As the Crow Flies"
"Arnav","India","2022-08-04","F3: Fun and Frustration"
"Arnav","India","2022-08-04","Interceptor"
"Arnav","India","2022-08-04","F*ck Love Too"
"Arnav","India","2022-08-04","The Man from Toronto"
"Arnav","India","2022-08-04","Day Shift"
"Arnav","India","2022-08-04","Hurts Like Hell"
"Arnav","India","2022-08-04","Blood Sisters"
"Arnav","India","2022-08-04","Fanático"
"Arnav","India","2022-05-09","The Grudge"
"Arnav","India","2022-05-09","The Getaway King"
"Arnav","India","2022-05-03","Gangubai Kathiawadi"
"Arnav","India","2022-05-02","SKY Castle"
"Arnav","India","2022-04-30","Stranger Things"
"Arnav","India","2022-04-30","The Penthouse: War in Life"
"Arnav","India","2022-04-24","Blood Sisters"
"Arnav","India","2022-04-24","365 Days: This Day"
"Arnav","India","2022-04-21","The Lincoln Lawyer"
"Arnav","India","2022-04-19","The Outsider"
"Arnav","India","2022-04-19","The Bros"
"Arnav","India","2022-04-19","The Drug King"
"Arnav","India","2022-04-15","Inspector Koo"
"Arnav","India","2022-04-14","The Takedown"
"Arnav","India","2022-04-14","Twenty Five Twenty One"
"Arnav","India","2022-04-04","Anatomy of a Scandal"
"Arnav","India","2022-03-31","Choose or Die"
"Arnav","India","2022-03-31","Taxi Driver"
"Arnav","India","2022-03-28","Sanju"
"Arnav","India","2022-03-25","Taking Lives"
"Arnav","India","2022-03-25","Black Island"
"Arnav","India","2022-03-24","Seven"
"Arnav","India","2022-03-23","Good Manager"
"Arnav","India","2022-03-22","Tomorrow"
"Arnav","India","2022-03-22","The Man from U.N.C.L.E."
"Arnav","India","2022-03-20","Bad Guys: Vile City"
"Arnav","India","2022-03-15","Queen of the South"
"Arnav","India","2022-03-14","Black Dog"
"Arnav","India","2022-03-14","Yaksha: Ruthless Operations"
"Arnav","India","2022-03-14","Top Boy"
"Arnav","India","2022-03-10","Trust No One: The Hunt for the Crypto King"
"Arnav","India","2022-03-10","Top Boy"
"Arnav","India","2022-03-10","Taylor Tomlinson: Look At You"
"Arnav","India","2022-03-09","Jack Reacher"
"Arnav","India","2022-03-09","Jack Reacher: Never Go Back"
"Arnav","India","2022-03-09","The Platform"
"Arnav","India","2022-03-09","Juvenile Justice"
"Arnav","India","2022-03-09","Holmes & Watson"
"Arnav","India","2022-03-07","Deadly Class"
"Arnav","India","2022-03-06","The Pirates: The Last Royal Treasure"
"Arnav","India","2022-03-06","Along with the Gods: The Two Worlds"
"Arnav","India","2022-03-06","Along with the Gods: The Last 49 Days"
"Arnav","India","2022-03-03","Deadly Class"
"Arnav","India","2022-02-27","Restless"
"Arnav","India","2022-02-25","The Great Robbery of Brazil's Central Bank"
"Arnav","India","2022-02-25","The Principles of Pleasure"
"Arnav","India","2022-02-25","Healer"
"Arnav","India","2022-02-25","Beyond Evil"
"Arnav","India","2022-02-22","Stranger"
"Arnav","India","2022-02-20","Rising High"
"Arnav","India","2022-02-20","The Lies Within"
"Arnav","India","2022-02-20","Partners for Justice"
"Arnav","India","2022-02-20","Chief of Staff"
"Arnav","India","2022-02-20","Bad Guys: Vile City"
"Arnav","India","2022-02-19","Doctor Prisoner"
"Arnav","India","2022-02-18","Vagabond"
"Arnav","India","2022-02-16","Bulgasal: Immortal Souls"
"Arnav","India","2022-02-15","Business Proposal"
"Arnav","India","2022-02-15","Venom: Let There Be Carnage"
"Arnav","India","2022-02-12","Mad Dog"
"Arnav","India","2022-02-12","Class of '83"
"Arnav","India","2022-02-12","Baadshaho"
"Arnav","India","2022-02-12","Clark"
"Arnav","India","2022-02-11","Twenty Five Twenty One"
"Arnav","India","2022-02-11","Hometown"
"Arnav","India","2022-02-11","Midnight at the Pera Palace"
"Arnav","India","2022-02-05","Escape Room: Tournament Of Champions"
"Arnav","India","2022-02-05","Love Tactics"
"Arnav","India","2022-02-05","Ali Wong: Don Wong"
"Arnav","India","2022-02-05","Juvenile Justice"
"Arnav","India","2022-02-05","Love and Leashes"
"Arnav","India","2022-02-05","Marvel's Daredevil"
"Arnav","India","2022-02-04","Possessed"
"Arnav","India","2022-02-03","Love and Leashes"
"Arnav","India","2022-02-03","The King: Eternal Monarch"
"Arnav","India","2022-02-02","Lawless Lawyer"
"Arnav","India","2022-01-29","Sisyphus"
"Arnav","India","2022-01-28","Our Beloved Summer"
"Arnav","India","2022-01-28","Love Tactics"
"Arnav","India","2022-01-28","Love and Leashes"
"Arnav","India","2022-01-24","GoodFellas"
"Arnav","India","2022-01-24","Suits"
"Arnav","India","2022-01-23","Fatso"
"Arnav","India","2022-01-23","Ugly Aur Pagli"
"Arnav","India","2022-01-23","White Girl"
"Arnav","India","2022-01-22","Rosario + Vampire"
"Arnav","India","2022-01-22","Tidelands"
"Arnav","India","2022-01-19","Wazir"
"Arnav","India","2022-01-19","Dhoondte Reh Jaoge"
"Arnav","India","2022-01-16","Special 26"
"Arnav","India","2022-01-16","Raees"
"Arnav","India","2022-01-16","Catch Me If You Can"
"Arnav","India","2022-01-16","Wake Up Sid"
"Arnav","India","2022-01-16","Raja Natwarlal"
"Arnav","India","2022-01-16","Guru"
"Arnav","India","2022-01-11","Kapil Sharma: I'm Not Done Yet"
"Arnav","India","2022-01-11","Bulgasal: Immortal Souls"
"Arnav","India","2022-01-11","The Journalist"
"Arnav","India","2022-01-11","Chosen"
"Arnav","India","2022-01-11","Feria: The Darkest Light"
"Arnav","India","2022-01-11","Archive 81"
"Arnav","India","2022-01-11","In From the Cold"
"Arnav","India","2022-01-11","Fishbowl Wives"
"Arnav","India","2022-01-11","All of Us Are Dead"
"Arnav","India","2022-01-02","The Uncanny Counter"
"Arnav","India","2022-01-01","The Social Network"
"Arnav","India","2021-12-28","How to Sell Drugs Online (Fast)"
"Arnav","India","2021-12-26","Seven"
"Arnav","India","2021-12-26","Seventh Son"
"Arnav","India","2021-12-26","As Above, So Below"
"Arnav","India","2021-12-26","Shutter Island"
"Arnav","India","2021-12-26","Angels & Demons"
"Arnav","India","2021-12-26","47 Ronin"
"Arnav","India","2021-12-26","Devil's Advocate"
"Arnav","India","2021-12-26","The Game"
"Arnav","India","2021-12-20","Titans"
"Arnav","India","2021-12-20","No Strings Attached"
"Arnav","India","2021-12-17","The Devil Judge"
"Arnav","India","2021-12-17","Offering to the Storm"
"Arnav","India","2021-12-17","The Invisible Guardian"
"Arnav","India","2021-12-17","Rebelde"
"Arnav","India","2021-12-17","Lulli"
"Arnav","India","2021-12-17","The Legacy of the Bones"
"Arnav","India","2021-12-17","The Five Juanas"
"Arnav","India","2021-12-16","Miss Bala"
"Arnav","India","2021-12-14","BAKI"
"Arnav","India","2021-12-14","BEASTARS"
"Arnav","India","2021-12-14","Love, Death & Robots"
"Arnav","India","2021-12-12","The Art of Self-Defense"
"Arnav","India","2021-12-12","Boyka: Undisputed"
"Arnav","India","2021-12-12","Counterpunch"
"Arnav","India","2021-12-12","Southpaw"
"Arnav","India","2021-12-12","Coach Carter"
"Arnav","India","2021-12-12","Rush Hour 2"
"Arnav","India","2021-12-09","Freud"
"Arnav","India","2021-12-08","Jujutsu Kaisen"
"Arnav","India","2021-12-08","Cobra Kai"
"Arnav","India","2021-12-08","Brooklyn Nine-Nine"
"Arnav","India","2021-12-05","The Platform"
"Arnav","India","2021-12-05","21"
"Arnav","India","2021-12-03","The Package"
"Arnav","India","2021-12-01","Dry Martina"
"Arnav","India","2021-12-01","The After Party"
"Arnav","India","2021-12-01","A Simple Favor"
"Arnav","India","2021-12-01","More the Merrier"
"Arnav","India","2021-12-01","Amar"
"Arnav","India","2021-12-01","Rocco"
"Arnav","India","2021-11-30","Food Wars!: Shokugeki no Soma"
"Arnav","India","2021-11-30","The Silent Sea"
"Arnav","India","2021-11-26","Jack Reacher: Never Go Back"
"Arnav","India","2021-11-26","The Ridiculous 6"
"Arnav","India","2021-11-21","Murder Mystery"
"Arnav","India","2021-11-18","Search WWW"
"Arnav","India","2021-11-18","Elves"
"Arnav","India","2021-11-18","Voir"
"Arnav","India","2021-11-18","Game Changer"
"Arnav","India","2021-11-18","Central Intelligence"
"Arnav","India","2021-11-18","Rush Hour 2"
"Arnav","India","2021-11-18","Chief of Staff"
"Arnav","India","2021-11-18","Lawless Lawyer"
"Arnav","India","2021-11-12","True Story"
"Arnav","India","2021-11-12","tick, tick...BOOM!"
"Arnav","India","2021-11-12","Money Heist"
"Arnav","India","2021-11-12","Hellbound"
"Arnav","India","2021-11-11","True Story"
"Arnav","India","2021-11-10","The Boy Next Door"
"Arnav","India","2021-11-06","Savages"
"Arnav","India","2021-11-06","Red Notice"
"Arnav","India","2021-11-06","Assassin's Creed"
"Arnav","India","2021-11-06","The Da Vinci Code"
"Arnav","India","2021-11-06","RESIDENT EVIL: Infinite Darkness"
"Arnav","India","2021-11-06","TAU"
"Arnav","India","2021-11-05","The Social Dilemma"
"Arnav","India","2021-11-05","The Founder"
"Arnav","India","2021-11-05","Minimalism: A Documentary About the Important Things"
"Arnav","India","2021-11-04","The Big Short"
"Arnav","India","2021-11-04","Sense8"
"Arnav","India","2021-11-04","The Pursuit of Happyness"
"Arnav","India","2021-11-04","The Boy Who Harnessed the Wind"
"Arnav","India","2021-11-03","SCAMS"
"Arnav","India","2021-11-03","Gatao 2: Rise of the King"
"Arnav","India","2021-11-03","Gatao - The Last Stray"
"Arnav","India","2021-11-01","The Goldfinch"
"Arnav","India","2021-10-31","Jaane Tu... Ya Jaane Na"
"Arnav","India","2021-10-31","Tere Naal Love Ho Gaya"
"Arnav","India","2021-10-31","Call My Agent Bollywood"
"Arnav","India","2021-10-31","Delhi Belly"
"Arnav","India","2021-10-31","I Hate Luv Storys"
"Arnav","India","2021-10-30","How I Became a Superhero"
"Arnav","India","2021-10-27","Dhan Dhana Dhan Goal"
"Arnav","India","2021-10-27","Vendetta"
"Arnav","India","2021-10-25","Kismat Konnection"
"Arnav","India","2021-10-25","Kai Po Che!"
"Arnav","India","2021-10-24","Rosario + Vampire"
"Arnav","India","2021-10-24","Turkish Dance School"
"Arnav","India","2021-10-24","Haganai"
"Arnav","India","2021-10-24","Devilman Crybaby"
"Arnav","India","2021-10-22","Mismatched"
"Arnav","India","2021-10-22","Bitten"
"Arnav","India","2021-10-22","Superstition"
"Arnav","India","2021-10-22","Amit Tandon: Family Tandoncies"
"Arnav","India","2021-10-22","Back Street Girls -GOKUDOLS-"
"Arnav","India","2021-10-22","Pain & Gain"
"Arnav","India","2021-10-21","Peaky Blinders"
"Arnav","India","2021-10-21","Love and Monsters"
"Arnav","India","2021-10-20","Who Am I"
"Arnav","India","2021-10-19","The Naked Director"
"Arnav","India","2021-10-19","MILF"
"Arnav","India","2021-10-19","Madame Claude"
"Arnav","India","2021-10-18","Peaky Blinders"
"Arnav","India","2021-10-18","Better Call Saul"
"Arnav","India","2021-10-18","Ozark"
"Arnav","India","2021-10-17","The King"
"Arnav","India","2021-10-17","Too Hot to Handle"
"Arnav","India","2021-10-17","Ginny & Georgia"
"Arnav","India","2021-10-17","The Witcher"
"Arnav","India","2021-10-17","Wanted"
"Arnav","India","2021-10-17","Rock On!!"
"Arnav","India","2021-10-17","Haider"
"Arnav","India","2021-10-17","House of Cards"
"Arnav","India","2021-10-17","The Order"
"Arnav","India","2021-10-17","Biohackers"
"Arnav","India","2021-10-17","Game Over (Hindi Version)"
"Arnav","India","2021-10-17","13 Reasons Why"
"Arnav","India","2021-10-17","Shadow and Bone"
"Arnav","India","2021-10-17","My Name"
"Arnav","India","2021-10-17","Hellbound"
"Arnav","India","2021-10-17","Fargo"
"Arnav","India","2021-10-17","StartUp"
"Arnav","India","2021-10-16","The Billion Dollar Code"
"Arnav","India","2021-10-16","Kate"
"Arnav","India","2021-10-16","Locke & Key"
"Arnav","India","2021-10-16","How I Became a Superhero"
"Arnav","India","2021-10-16","Jack the Giant Slayer"
"Arnav","India","2021-10-16","Man in Love"
"Arnav","India","2021-10-16","Deep"
"Arnav","India","2021-10-16","Oxygen"
"Arnav","India","2021-10-16","The Originals"
"Arnav","India","2021-10-16","Army of Thieves"
"Arnav","India","2021-10-16","The Gift"
"Arnav","India","2021-10-16","Constantine"
"Arnav","India","2021-10-16","Night Teeth"
"Arnav","India","2021-10-16","Vagabond"
"Arnav","India","2021-10-16","Night in Paradise"
"Arnav","India","2021-10-16","Mortel"
"Arnav","India","2021-10-16","Lucifer"
"Arnav","India","2021-10-16","Hospital Playlist"
"Arnav","India","2021-10-16","Katla"
"Arnav","India","2021-10-16","Kingdom: Ashin of the North"
"Arnav","India","2021-10-16","Warcraft"
"Arnav","India","2021-10-16","Degrassi: Next Class"
"Arnav","India","2021-10-15","Money Heist"
"Arnav","India","2021-10-15","Elite"
"Arnav","India","2021-10-15","Stranger Things"
"Arnav","India","2021-10-15","Narcos"
"Arnav","India","2021-10-15","Peaky Blinders"
"Arnav","India","2021-10-15","Kota Factory"
"Arnav","India","2021-10-15","The Originals"
"Arnav","India","2021-10-15","Too Hot to Handle"
"Arnav","India","2021-10-15","Dark"
"Arnav","India","2021-10-15","Never Have I Ever"
"Arnav","India","2021-10-15","Squid Game"
"Arnav","India","2021-10-15","Vincenzo"
"Arnav","India","2021-10-15","The Vampire Diaries"
